"Mode","Keys","Action","Description"
"Global","Ctrl+1","Switch to Mail","Show the Mail view"
"Global","Ctrl+2","Switch to Calendar","Show the Calendar view"
"Global","Ctrl+3","Switch to Contacts","Show the People/Contacts view"
"Global","Ctrl+4","Switch to Tasks","Show the Tasks view"
"Global","Ctrl+5","Switch to Notes","Show the Notes view"
"Global","Ctrl+6","Switch to Folder List","Show the Folder List in the Navigation Pane"
"Global","Ctrl+7","Switch to Shortcuts","Show the Shortcuts view"
"Global","F9","Send/Receive All","Send and receive all accounts"
"Global","Ctrl+M","Send/Receive All","Alternate shortcut to send and receive all accounts"
"Global","Ctrl+Shift+M","New Email (anywhere)","Create a new email message from any module"
"Global","Ctrl+Shift+I","Go to Inbox","Switch to the Inbox"
"Global","Ctrl+Shift+O","Go to Outbox","Switch to the Outbox"
"Global","Ctrl+Shift+B","Address Book","Open the Address Book"
"Global","Ctrl+Shift+F","Advanced Find","Open the Advanced Find dialog"
"Global","Alt+Q","Jump to Search","Move focus to the Search box in any module"
"Global","Ctrl+O","Open Item","Open the selected item in its own window"
"Global","Ctrl+P","Print","Print the current item"
"Global","Ctrl+S","Save","Save the current item"
"Global","Ctrl+Z","Undo","Undo the last action"
"Global","F1","Help","Open Outlook Help"
"Global","F7","Check Spelling","Check spelling in the current item"
"Global","Alt+F4","Close Outlook","Close the active Outlook window"
"Global","Ctrl+Alt+J","Mark as Not Junk","Mark the selected message as not junk"
"Global","Ctrl+Shift+N","New Note","Create a new note from any module"
"Global","Ctrl+Shift+E","New Folder","Create a new folder"
"Global","Delete","Delete Item","Delete the selected item"
"Global","Ctrl+Shift+V","Move to Folder","Open the Move Item dialog"
"Navigation","Ctrl+Y","Go to Folder","Open the Go to Folder dialog"
"Navigation","Ctrl+Comma","Previous Item","Select the previous item in the list"
"Navigation","Ctrl+Period","Next Item","Select the next item in the list"
"Navigation","Tab","Cycle Panes","Move focus between the Folder Pane, item list, Reading Pane, and ribbon"
"Navigation","F6","Cycle Panes Forward","Move focus forward between panes"
"Navigation","Shift+F6","Cycle Panes Backward","Move focus backward between panes"
"Navigation","Ctrl+Shift+Tab","Previous Pane","Move focus to the previous pane"
"Navigation","Page Up","Scroll Up","Scroll up in the active pane"
"Navigation","Page Down","Scroll Down","Scroll down in the active pane"
"Navigation","Alt+Left","Back","Go back to the previous view"
"Navigation","Alt+Right","Forward","Go forward to the next view"
"Mail","Ctrl+N","New Email","Create a new email message"
"Mail","Ctrl+R","Reply","Reply to the sender"
"Mail","Ctrl+Shift+R","Reply All","Reply to all recipients"
"Mail","Ctrl+F","Forward","Forward the selected message"
"Mail","Ctrl+Enter","Send","Send the current message"
"Mail","Alt+S","Send","Alternate shortcut to send the current message"
"Mail","Ctrl+D","Delete","Delete the selected message"
"Mail","Insert","Toggle Flag","Flag or unflag the selected message for follow-up"
"Mail","Ctrl+Q","Mark as Read","Mark the selected message as read"
"Mail","Ctrl+U","Mark as Unread","Mark the selected message as unread"
"Mail","Ctrl+E","Search","Search the current mailbox"
"Mail","Ctrl+Shift+P","New Search Folder","Create a new search folder"
"Mail","Ctrl+K","Check Names","Resolve recipient names in the To and Cc fields"
"Compose","Ctrl+B","Bold","Toggle bold formatting"
"Compose","Ctrl+I","Italic","Toggle italic formatting"
"Compose","Ctrl+U","Underline","Toggle underline formatting"
"Compose","Ctrl+Shift+>","Increase Font Size","Increase the font size of the selected text"
"Compose","Ctrl+Shift+<","Decrease Font Size","Decrease the font size of the selected text"
"Compose","Ctrl+Shift+F","Change Font","Open the Font dialog"
"Compose","Ctrl+K","Insert Hyperlink","Insert a hyperlink"
"Compose","Ctrl+L","Align Left","Align the paragraph to the left"
"Compose","Ctrl+E","Center Align","Center the paragraph"
"Compose","Ctrl+R","Align Right","Align the paragraph to the right"
"Compose","Ctrl+J","Justify","Justify the paragraph"
"Compose","Ctrl+Shift+L","Apply Bullets","Apply or remove bullet list formatting"
"Compose","Ctrl+Shift+C","Copy Formatting","Copy formatting with Format Painter"
"Compose","Ctrl+Shift+V","Paste Formatting","Paste formatting with Format Painter"
"Compose","Ctrl+Shift+8","Show Formatting Marks","Toggle display of paragraph marks and hidden formatting symbols"
"Compose","F3","Insert Quick Part","Insert an AutoText/Quick Part entry"
"Compose","Ctrl+Spacebar","Clear Formatting","Remove character formatting from the selection"
"Compose","Ctrl+Shift+A","All Caps","Toggle all capital letters formatting for the selected text"
"Compose","Ctrl+Shift+K","Small Caps","Toggle small capital letters formatting for the selected text"
"Compose","Ctrl+Shift+=","Superscript","Toggle superscript formatting for the selected text"
"Compose","Ctrl+=","Subscript","Toggle subscript formatting for the selected text"
"Compose","Ctrl+1","Single Line Spacing","Set paragraph line spacing to single"
"Compose","Ctrl+2","Double Line Spacing","Set paragraph line spacing to double"
"Compose","Ctrl+5","1.5 Line Spacing","Set paragraph line spacing to 1.5 lines"
"Compose","Ctrl+Q","Clear Paragraph Formatting","Remove paragraph-level formatting from the selection"
"Calendar","Ctrl+Shift+A","New Appointment","Create a new appointment"
"Calendar","Ctrl+Shift+Q","New Meeting Request","Create a new meeting request"
"Calendar","Ctrl+G","Go to Date","Open the Go to Date dialog"
"Calendar","Ctrl+Alt+1","Day View","Switch Calendar to Day view"
"Calendar","Ctrl+Alt+2","Work Week View","Switch Calendar to Work Week view"
"Calendar","Ctrl+Alt+3","Week View","Switch Calendar to Week view"
"Calendar","Ctrl+Alt+4","Month View","Switch Calendar to Month view"
"Contacts","Ctrl+Shift+C","New Contact","Create a new contact"
"Contacts","Ctrl+Shift+L","New Contact Group","Create a new contact group"
"Tasks","Ctrl+Shift+K","New Task","Create a new task"
"Notes","Ctrl+Shift+N","New Note","Create a new note"
